Numero;Função;Nome;Data nascimento;Nacionalidade;Freguesia;Concelho;Distrito;EstCivil;Cônjuge;Morada;CodPostal;Localidade;Telemóvel;Telefone;E-mail;HabLit;;CC
1;2;Bradley Kaká;18/11/1999;1;Barcelos;Barcelos;Braga;2;;Rua de Barcelos Nº71;4750;Barcelos;970583077;987112719;Bradley.Kaká@piscinasbarcacellos.pb;1;22001356;62672119983
2;7;Karnjeet Pata;04/07/1971;1;Martim;Barcelos;Braga;2;;Rua de Martim Nº31;4750;Barcelos;997339575;911186169;Karnjeet.Pata@piscinasbarcacellos.pb;2;10789229;39709832119
3;3;Chenyu Jó;24/07/1972;1;Moure;Barcelos;Braga;1;Scarlett Tatá;Rua de Moure Nº40;4750;Barcelos;954327202;942271273;Chenyu.Jó@piscinasbarcacellos.pb;2;96241698;46925669036
4;4;Spencer Cebolinha;19/02/1990;1;Oliveira;Barcelos;Braga;1;Layan Papa;Rua de Oliveira Nº96;4750;Barcelos;981115046;946246655;Spencer.Cebolinha@piscinasbarcacellos.pb;1;41853778;39675410194
5;5;Noel Mundinho;27/11/1973;1;Palme;Barcelos;Braga;1;Alfredo Fafá;Rua de Palme Nº11;4750;Barcelos;940429810;981153364;Noel.Mundinho@piscinasbarcacellos.pb;3;36221698;31385037780
6;2;Nilson JP;22/10/1997;1;Panque;Barcelos;Braga;1;Gilcélio Jacaré;Rua de Panque Nº23;4750;Barcelos;963980930;975263753;Nilson.JP@piscinasbarcacellos.pb;2;34756626;13003729308
7;3;Marle Duduzinho;02/01/1998;1;Paradela;Barcelos;Braga;2;;Rua de Paradela Nº40;4750;Barcelos;932999726;991975623;Marle.Duduzinho@piscinasbarcacellos.pb;1;46208885;93346470619
8;4;Elizabeth Jó;21/03/1992;1;Pereira;Barcelos;Braga;1;Rider Géu;Rua de Pereira Nº45;4750;Barcelos;917977489;919322979;Elizabeth.Jó@piscinasbarcacellos.pb;1;81656399;51864708471
9;2;Evelyne Pépe;25/01/1999;1;Perelhal;Barcelos;Braga;1;Suellen Ganso;Rua de Perelhal Nº66;4750;Barcelos;984198370;984454565;Evelyne.Pépe@piscinasbarcacellos.pb;3;56222321;99011061426
10;6;íris Tulio;25/02/1970;1;Pousa;Barcelos;Braga;1;Stevany Careca;Rua de Pousa Nº14;4750;Barcelos;992480978;915014877;íris.Tulio@piscinasbarcacellos.pb;2;11653349;26540723394
11;2;Lueji Preto;13/05/1985;1;Arcozelo;Barcelos;Braga;1;Zlata Fafá;Rua de Arcozelo Nº68;4750;Barcelos;913830999;958535485;Lueji.Preto@piscinasbarcacellos.pb;2;57803543;30304049334
12;1;Leydilson Juca;10/09/1992;1;Aborim;Barcelos;Braga;2;;Rua de Aborim Nº74;4750;Barcelos;953337492;957424319;Leydilson.Juca@piscinasbarcacellos.pb;3;38838937;85300575846
13;1;Osvaldo Tico;25/08/1972;1;Adães;Barcelos;Braga;1;Victória Guinho;Rua de Adães Nº54;4750;Barcelos;958099444;912458479;Osvaldo.Tico@piscinasbarcacellos.pb;2;75309502;46870657832
14;1;Christiane Netinho;09/06/1977;1;Airó;Barcelos;Braga;1;Gaia Pepê;Rua de Airó Nº5;4750;Barcelos;994372368;949769731;Christiane.Netinho@piscinasbarcacellos.pb;1;57922704;44687405699
15;1;Mayson Bela;01/06/1998;1;Aldreu;Barcelos;Braga;1;Tanveen Tica;Rua de Aldreu Nº7;4750;Barcelos;943298397;980645906;Mayson.Bela@piscinasbarcacellos.pb;2;78764118;25366307246
16;1;Nicolae Nik;04/11/1978;1;Alvelos;Barcelos;Braga;1;Zoé Quinca;Rua de Alvelos Nº74;4750;Barcelos;986278844;946869744;Nicolae.Nik@piscinasbarcacellos.pb;2;86497742;52960528398
17;1;Itamara Xuxa;23/02/1988;1;Arcozelo;Barcelos;Braga;2;;Rua de Arcozelo Nº61;4750;Barcelos;990288102;938603967;Itamara.Xuxa@piscinasbarcacellos.pb;3;41610220;70283332056
18;1;Keimilly Benta;13/08/1992;1;Balugães;Barcelos;Braga;2;;Rua de Balugães Nº54;4750;Barcelos;993839285;994946754;Keimilly.Benta@piscinasbarcacellos.pb;3;27288455;12211246181
19;1;Lícia Tom;08/07/1975;1;Barcelinhos;Barcelos;Braga;2;;Rua de Barcelinhos Nº93;4750;Barcelos;927267844;997510582;Lícia.Tom@piscinasbarcacellos.pb;3;24270080;80338118688
20;1;kevin Chaves;19/03/1995;1;Barqueiros;Barcelos;Braga;1;Zita Jamanta;Rua de Barqueiros Nº48;4750;Barcelos;957563854;961334651;kevin.Chaves@piscinasbarcacellos.pb;3;89366317;27190260000
21;1;Dhiyanshi Piu;23/03/1980;1;Cambeses;Barcelos;Braga;1;Ion Papa;Rua de Cambeses Nº12;4750;Barcelos;927523378;978652443;Dhiyanshi.Piu@piscinasbarcacellos.pb;2;96649975;30974791460
22;1;Vidhi Sena;10/09/1993;1;Carapeços;Barcelos;Braga;2;;Rua de Carapeços Nº67;4750;Barcelos;946987915;967580496;Vidhi.Sena@piscinasbarcacellos.pb;1;20037708;30628901321
23;1;Geovana Déca;06/01/1976;1;Carvalhal;Barcelos;Braga;1;Viktoria Sol;Rua de Carvalhal Nº79;4750;Barcelos;974769487;938193807;Geovana.Déca@piscinasbarcacellos.pb;1;39726508;23233067888
24;1;Djamal Negão;03/02/1992;1;Carvalhas;Barcelos;Braga;2;;Rua de Carvalhas Nº31;4750;Barcelos;953210485;943467461;Djamal.Negão@piscinasbarcacellos.pb;1;81480817;56769160915
25;1;Ayla Pipo;05/01/1978;1;Cossourado;Barcelos;Braga;1;Euridce Kaká;Rua de Cossourado Nº48;4750;Barcelos;939900641;954329450;Ayla.Pipo@piscinasbarcacellos.pb;2;48875592;76870679659
26;1;Tawila Guinho;13/10/1977;1;Cristelo;Barcelos;Braga;2;;Rua de Cristelo Nº69;4750;Barcelos;996801285;943513941;Tawila.Guinho@piscinasbarcacellos.pb;1;14482790;48561626495
27;1;Emeka Careca;22/06/1982;1;Fornelos;Barcelos;Braga;2;;Rua de Fornelos Nº35;4750;Barcelos;965461638;952701172;Emeka.Careca@piscinasbarcacellos.pb;3;27667906;88860496693
28;1;Iego Tatu;06/01/1997;1;Fragoso;Barcelos;Braga;2;;Rua de Fragoso Nº69;4750;Barcelos;939480264;937279192;Iego.Tatu@piscinasbarcacellos.pb;2;54964199;42530735087
29;1;Miroslava Lalinha;25/05/1973;1;Gilmonde;Barcelos;Braga;1;Dominique Mundinho;Rua de Gilmonde Nº91;4750;Barcelos;927229638;924478959;Miroslava.Lalinha@piscinasbarcacellos.pb;2;46742601;14454844809
30;1;Hermano Pata;17/09/1996;1;Lama;Barcelos;Braga;1;Elaina Mosca;Rua de Lama Nº58;4750;Barcelos;920519204;945260577;Hermano.Pata@piscinasbarcacellos.pb;2;45173959;88842038392
31;1;Lincoln Peru;05/05/1979;1;Lijó;Barcelos;Braga;2;;Rua de Lijó Nº43;4750;Barcelos;926326729;991465341;Lincoln.Peru@piscinasbarcacellos.pb;1;60459695;29942484552
32;1;Kendrick Dida;23/08/1986;1;Manhente;Barcelos;Braga;2;;Rua de Manhente Nº2;4750;Barcelos;912667573;935196439;Kendrick.Dida@piscinasbarcacellos.pb;2;56634927;93141998155
33;1;Osvaldeclenia Edinho;22/11/1981;1;Martim;Barcelos;Braga;1;Renan Nin;Rua de Martim Nº95;4750;Barcelos;951559196;987126991;Osvaldeclenia.Edinho@piscinasbarcacellos.pb;1;32505473;46714807638
34;1;Luanny Grilo;09/10/1982;1;Moure;Barcelos;Braga;1;Aylin Lio;Rua de Moure Nº50;4750;Barcelos;962708185;934454269;Luanny.Grilo@piscinasbarcacellos.pb;2;23046666;16963503143
35;1;Raphael Juca;27/05/1978;1;Oliveira;Barcelos;Braga;1;Aleisa Mia;Rua de Oliveira Nº45;4750;Barcelos;911628208;970479428;Raphael.Juca@piscinasbarcacellos.pb;1;23141132;89190073241
36;1;Lais Riquinho;06/11/1982;1;Palme;Barcelos;Braga;1;Flávio Láu;Rua de Palme Nº80;4750;Barcelos;919709827;921281212;Lais.Riquinho@piscinasbarcacellos.pb;3;35503697;64341398281
37;1;Rajanbir Furinha;26/10/1981;1;Panque;Barcelos;Braga;2;;Rua de Panque Nº58;4750;Barcelos;950876488;910413183;Rajanbir.Furinha@piscinasbarcacellos.pb;2;48415393;61520729936
38;1;Lancelot Vál;17/03/1984;1;Paradela;Barcelos;Braga;2;;Rua de Paradela Nº93;4750;Barcelos;920356330;925620497;Lancelot.Vál@piscinasbarcacellos.pb;3;28441435;71892942059
39;1;Gaspard Cacau;09/11/1972;1;Pereira;Barcelos;Braga;1;Rubi Duquinha;Rua de Pereira Nº78;4750;Barcelos;964893632;932998063;Gaspard.Cacau@piscinasbarcacellos.pb;2;53594164;69144619887
40;1;Romero Santinha;26/08/1995;1;Perelhal;Barcelos;Braga;2;;Rua de Perelhal Nº56;4750;Barcelos;961862043;920138228;Romero.Santinha@piscinasbarcacellos.pb;2;45910590;56571651441
41;1;Ahnaf Dão;28/01/2000;1;Aborim;Barcelos;Braga;1;Tyler Gordo;Rua de Aborim Nº91;4750;Barcelos;953606544;987713727;Ahnaf.Dão@piscinasbarcacellos.pb;3;65955952;84045450972
42;1;Daniyal Duquinha;21/12/1987;1;Adães;Barcelos;Braga;1;Eugenia Tampinha;Rua de Adães Nº79;4750;Barcelos;980443724;978025710;Daniyal.Duquinha@piscinasbarcacellos.pb;1;94830545;33005767366
43;1;Volodymyr Belo;22/12/1998;1;Airó;Barcelos;Braga;1;Luísa Bob;Rua de Airó Nº43;4750;Barcelos;996928291;965665977;Volodymyr.Belo@piscinasbarcacellos.pb;2;50650552;54253422672
44;1;Lasilis Falcão;07/08/2000;1;Aldreu;Barcelos;Braga;2;;Rua de Aldreu Nº18;4750;Barcelos;924045593;916373671;Lasilis.Falcão@piscinasbarcacellos.pb;3;77288097;50090633299
45;1;Emma Gordo;15/10/1979;1;Alvelos;Barcelos;Braga;1;Kyan Beto;Rua de Alvelos Nº83;4750;Barcelos;977372227;978655622;Emma.Gordo@piscinasbarcacellos.pb;2;67859211;95737024229
46;1;Ilídio Gina;28/08/1986;1;Arcozelo;Barcelos;Braga;2;;Rua de Arcozelo Nº28;4750;Barcelos;993911154;981778293;Ilídio.Gina@piscinasbarcacellos.pb;3;18516505;
47;1;Talia Losa;25/06/1991;1;Balugães;Barcelos;Braga;2;;Rua de Balugães Nº61;4750;Barcelos;927559685;955532657;Talia.Losa@piscinasbarcacellos.pb;3;52686039;86634738239
48;1;Gabrieli Fofão;26/03/1995;1;Barcelinhos;Barcelos;Braga;2;;Rua de Barcelinhos Nº10;4750;Barcelos;932697254;931760667;Gabrieli.Fofão@piscinasbarcacellos.pb;3;93873397;39024965784
49;1;Andrea Peleco;06/05/1972;1;Barqueiros;Barcelos;Braga;2;;Rua de Barqueiros Nº51;4750;Barcelos;911134942;983663364;Andrea.Peleco@piscinasbarcacellos.pb;2;52151268;96834118573
50;1;Edjailzen Nenê;09/07/1974;1;Cambeses;Barcelos;Braga;1;Rouguiatou Duduzinho;Rua de Cambeses Nº38;4750;Barcelos;983187151;960501404;Edjailzen.Nenê@piscinasbarcacellos.pb;2;15253073;88761191250
51;1;Zexuan Peu;09/12/2000;1;Carapeços;Barcelos;Braga;1;Micaela Jujú;Rua de Carapeços Nº20;4750;Barcelos;910058178;938889673;Zexuan.Peu@piscinasbarcacellos.pb;3;86151793;16953570647
52;1;Vitor Sula;17/08/1974;1;Carvalhal;Barcelos;Braga;2;;Rua de Carvalhal Nº4;4750;Barcelos;968156326;963025525;Vitor.Sula@piscinasbarcacellos.pb;1;60852033;71486676595
53;1;Chuyi Jacaré;28/03/1971;1;Carvalhas;Barcelos;Braga;2;;Rua de Carvalhas Nº58;4750;Barcelos;968573087;916136308;Chuyi.Jacaré@piscinasbarcacellos.pb;2;24934538;34082751259
55;1;Mame Chiquinha;08/06/1971;1;Cossourado;Barcelos;Braga;2;;Rua de Cossourado Nº7;4750;Barcelos;983097514;964585868;Mame.Chiquinha@piscinasbarcacellos.pb;3;12097362;68054707915
55;1;Gisola Lobão;27/08/1981;1;Cristelo;Barcelos;Braga;2;;Rua de Cristelo Nº33;4750;Barcelos;969652739;982340808;Gisola.Lobão@piscinasbarcacellos.pb;2;91717718;48911157314
56;1;Freddie Nél;08/02/1997;1;Fornelos;Barcelos;Braga;2;;Rua de Fornelos Nº44;4750;Barcelos;957361292;923237183;Freddie.Nél@piscinasbarcacellos.pb;2;26536002;30501128429
57;1;Jeovana Japa;23/06/1992;1;Fragoso;Barcelos;Braga;2;;Rua de Fragoso Nº88;4750;Barcelos;983137582;967706006;Jeovana.Japa@piscinasbarcacellos.pb;1;54696935;59640983174
58;1;Ramsés Melão;18/06/1974;1;Gilmonde;Barcelos;Braga;2;;Rua de Gilmonde Nº67;4750;Barcelos;954651693;994577278;Ramsés.Melão@piscinasbarcacellos.pb;1;68727806;80418520256
59;1;Zhiqi Guinho;10/09/1974;1;Lama;Barcelos;Braga;1;Jairson Pata;Rua de Lama Nº90;4750;Barcelos;951451133;964318131;Zhiqi.Guinho@piscinasbarcacellos.pb;1;30926361;22059505690
60;1;Maya Neném;28/12/1990;1;Lijó;Barcelos;Braga;1;Lania Quil;Rua de Lijó Nº92;4750;Barcelos;984989275;935575125;Maya.Neném@piscinasbarcacellos.pb;1;74451446;78425292156
61;1;Ramires Dida;15/03/1986;1;Manhente;Barcelos;Braga;2;;Rua de Manhente Nº39;4750;Barcelos;978809536;931643114;Ramires.Dida@piscinasbarcacellos.pb;1;62854261;37475977684
62;1;Rafaela Losa;11/01/1971;1;Martim;Barcelos;Braga;1;Leydilson Guta;Rua de Martim Nº67;4750;Barcelos;957765841;981562874;Rafaela.Losa@piscinasbarcacellos.pb;3;93458838;16657048893
63;1;Lorenza Papa;13/10/1978;1;Moure;Barcelos;Braga;1;Hérmen Beto;Rua de Moure Nº8;4750;Barcelos;938595981;919901511;Lorenza.Papa@piscinasbarcacellos.pb;3;45117823;71207696519
64;1;Ísis Quél;26/04/1973;1;Oliveira;Barcelos;Braga;2;;Rua de Oliveira Nº19;4750;Barcelos;956496387;971785119;Ísis.Quél@piscinasbarcacellos.pb;1;94081313;30823882837
65;1;Gonçalo Binho;05/11/1990;1;Palme;Barcelos;Braga;1;Marcel Dudinha;Rua de Palme Nº82;4750;Barcelos;995224259;949299726;Gonçalo.Binho@piscinasbarcacellos.pb;1;57072263;71318273743
66;1;Helene Pipoca;15/07/1977;1;Panque;Barcelos;Braga;2;;Rua de Panque Nº53;4750;Barcelos;959577661;956110386;Helene.Pipoca@piscinasbarcacellos.pb;1;30967423;93548272927
67;1;Rhoda Quita;06/07/1982;1;Paradela;Barcelos;Braga;2;;Rua de Paradela Nº92;4750;Barcelos;930959401;967933663;Rhoda.Quita@piscinasbarcacellos.pb;3;54538179;30261435186
68;1;Morayooluwa Gui;09/03/1980;1;Aborim;Barcelos;Braga;2;;Rua de Aborim Nº75;4750;Barcelos;917484165;950133022;Morayooluwa.Gui@piscinasbarcacellos.pb;3;44349406;68724033253
69;1;Jubin Zeca;18/09/1971;1;Adães;Barcelos;Braga;1;Defence Mosca;Rua de Adães Nº93;4750;Barcelos;988871340;919507005;Jubin.Zeca@piscinasbarcacellos.pb;2;29024092;76924051973
70;1;Mayline Capela;09/10/1973;1;Airó;Barcelos;Braga;1;Heluísa Anjinha;Rua de Airó Nº41;4750;Barcelos;944951627;918256507;Mayline.Capela@piscinasbarcacellos.pb;2;57685788;52023060232
71;1;Ayana Alê;05/08/1973;1;Aldreu;Barcelos;Braga;1;Umaro Peru;Rua de Aldreu Nº36;4750;Barcelos;911802989;993547510;Ayana.Alê@piscinasbarcacellos.pb;3;46798329;20756167393
72;1;Andy Pretinho;24/06/1998;1;Alvelos;Barcelos;Braga;2;;Rua de Alvelos Nº7;4750;Barcelos;941148471;915302458;Andy.Pretinho@piscinasbarcacellos.pb;1;11490863;96055332065
73;1;Edna Duda;27/07/1970;1;Arcozelo;Barcelos;Braga;2;;Rua de Arcozelo Nº28;4750;Barcelos;971533597;937922647;Edna.Duda@piscinasbarcacellos.pb;3;66028022;38324646576
74;1;Aléxis Sabiá;08/02/1993;1;Balugães;Barcelos;Braga;2;;Rua de Balugães Nº44;4750;Barcelos;992587012;987443288;Aléxis.Sabiá@piscinasbarcacellos.pb;1;15893239;80061750668
75;1;Tshayene Tampinha;14/07/1976;1;Barcelinhos;Barcelos;Braga;2;;Rua de Barcelinhos Nº76;4750;Barcelos;982180030;971361379;Tshayene.Tampinha@piscinasbarcacellos.pb;2;69236889;53296428095
76;1;Phelix Loro;19/02/1997;1;Barqueiros;Barcelos;Braga;2;;Rua de Barqueiros Nº74;4750;Barcelos;992052351;968932883;Phelix.Loro@piscinasbarcacellos.pb;2;80993839;51336509833
77;1;Ciro Peuzinha;02/05/1997;1;Cambeses;Barcelos;Braga;2;;Rua de Cambeses Nº34;4750;Barcelos;930213430;979282226;Ciro.Peuzinha@piscinasbarcacellos.pb;2;93329663;55496709603
78;1;Dailson Chicó;22/08/1976;1;Carapeços;Barcelos;Braga;2;;Rua de Carapeços Nº10;4750;Barcelos;916790301;951824472;Dailson.Chicó@piscinasbarcacellos.pb;3;71278356;70099199817
79;1;Nirjala Nininho;11/02/1971;1;Carvalhal;Barcelos;Braga;1;Emaan Alê;Rua de Carvalhal Nº62;4750;Barcelos;919619288;961918492;Nirjala.Nininho@piscinasbarcacellos.pb;1;46870048;82196530397
80;1;Chisom Nôh;19/11/1980;1;Carvalhas;Barcelos;Braga;2;;Rua de Carvalhas Nº43;4750;Barcelos;965558601;972999964;Chisom.Nôh@piscinasbarcacellos.pb;2;93519121;46993908649
81;1;Avonlea Dida;28/02/1970;1;Cossourado;Barcelos;Braga;1;Niriani Guri;Rua de Cossourado Nº11;4750;Barcelos;969983994;956890218;Avonlea.Dida@piscinasbarcacellos.pb;2;91518692;46529526783
82;1;Núbia Guta;11/07/1992;1;Cristelo;Barcelos;Braga;1;Aksinia Quita;Rua de Cristelo Nº38;4750;Barcelos;968265186;930494500;Núbia.Guta@piscinasbarcacellos.pb;1;76895507;58679366921
83;1;Mahakdip Painho;12/02/1975;1;Fornelos;Barcelos;Braga;2;;Rua de Fornelos Nº74;4750;Barcelos;937123397;963441601;Mahakdip.Painho@piscinasbarcacellos.pb;3;66884416;77715599088
84;1;Geisa Boy;17/03/1988;1;Fragoso;Barcelos;Braga;1;Debra Binho;Rua de Fragoso Nº59;4750;Barcelos;934031669;938751809;Geisa.Boy@piscinasbarcacellos.pb;2;46689057;39442855183
85;1;Ruthnney Furinha;24/05/2000;1;Gilmonde;Barcelos;Braga;1;Chisom Beto;Rua de Gilmonde Nº7;4750;Barcelos;980633952;948681071;Ruthnney.Furinha@piscinasbarcacellos.pb;2;94172336;49501800994
86;1;Gurmehek Lilico;08/03/1984;1;Lama;Barcelos;Braga;2;;Rua de Lama Nº43;4750;Barcelos;993673993;943233593;Gurmehek.Lilico@piscinasbarcacellos.pb;1;89267710;39343114484
87;1;Mouctar Cafú;04/06/1972;1;Lijó;Barcelos;Braga;1;Janira Pezão;Rua de Lijó Nº11;4750;Barcelos;957153370;933810109;Mouctar.Cafú@piscinasbarcacellos.pb;3;58267355;32416672531
88;1;Eddie Sena;21/11/1995;1;Manhente;Barcelos;Braga;1;Denilson Alê;Rua de Manhente Nº28;4750;Barcelos;954880290;933717932;Eddie.Sena@piscinasbarcacellos.pb;1;67437228;20201591508
89;1;Sejal Dado;14/01/1994;1;Martim;Barcelos;Braga;1;Nicolly Dinha;Rua de Martim Nº71;4750;Barcelos;993100055;924231528;Sejal.Dado@piscinasbarcacellos.pb;3;57231866;79329439605
90;1;Talia Géu;02/02/1988;1;Moure;Barcelos;Braga;1;Nataniel Furinha;Rua de Moure Nº44;4750;Barcelos;912204946;943920257;Talia.Géu@piscinasbarcacellos.pb;3;67639948;77074119784
91;1;Júlia Cecéu;02/01/1998;1;;;Braga;2;;Rua de Oliveira Nº54;4750;Barcelos;969567559;924200548;Júlia.Cecéu@piscinasbarcacellos.pb;1;19297257;22804161465
92;1;Skylar Quinca;27/03/1999;1;Palme;Barcelos;Braga;1;Casimiro Gil;Rua de Palme Nº65;4750;Barcelos;924233565;956753995;Skylar.Quinca@piscinasbarcacellos.pb;1;18620034;90740068985
93;1;Issa Dedé;12/05/1988;1;Panque;Barcelos;Braga;1;Destiny Pata;Rua de Panque Nº67;4750;Barcelos;914505783;929494865;Issa.Dedé@piscinasbarcacellos.pb;3;82587759;85336191508
94;1;Damião Leléo;21/08/1999;1;Paradela;Barcelos;Braga;1;Marbin Ganso;Rua de Paradela Nº78;4750;Barcelos;950481800;951458034;Damião.Leléo@piscinasbarcacellos.pb;2;50224744;83445089020
95;1;Rania Galego;05/12/1983;1;Pereira;Barcelos;Braga;2;;Rua de Pereira Nº18;4750;Barcelos;925437195;926824972;Rania.Galego@piscinasbarcacellos.pb;1;73583460;58990443609
96;1;Sarina Guinho;12/07/1970;1;Perelhal;Barcelos;Braga;2;;Rua de Perelhal Nº51;4750;Barcelos;910255360;975727368;Sarina.Guinho@piscinasbarcacellos.pb;3;44158511;35320277088
97;1;Zhen Losa;14/12/1976;1;Pousa;Barcelos;Braga;2;;Rua de Pousa Nº41;4750;Barcelos;942715538;934122307;Zhen.Losa@piscinasbarcacellos.pb;3;95316591;75499810170
98;1;Prinsha Dinha;17/02/1996;1;Moure;Barcelos;Braga;1;Salvio Leléo;Rua de Moure Nº20;4750;Barcelos;954336237;951435087;Prinsha.Dinha@piscinasbarcacellos.pb;1;45889571;61367730521
99;1;Kiezi Pipo;08/05/1982;1;Oliveira;Barcelos;Braga;1;Khloé Huck;Rua de Oliveira Nº43;4750;Barcelos;968905180;988881526;Kiezi.Pipo@piscinasbarcacellos.pb;1;48674180;15363060467
100;1;Tawila Dál;15/06/1971;1;Palme;Barcelos;Braga;1;Malia Flor;Rua de Palme Nº8;4750;Barcelos;981598851;980010509;Tawila.Dál@piscinasbarcacellos.pb;2;69542798;98031647125
101;1;Jerykson Belo;27/12/1984;1;Panque;Barcelos;Braga;1;Cristóvão Tico;Rua de Panque Nº15;4750;Barcelos;920623622;912056522;Jerykson.Belo@piscinasbarcacellos.pb;2;92844186;49334470941
102;1;Kendall Linda;21/03/1990;1;Paradela;Barcelos;Braga;2;;Rua de Paradela Nº36;4750;Barcelos;949114502;920893306;Kendall.Linda@piscinasbarcacellos.pb;3;69345697;75845043106
103;1;Maxim Bina;28/12/1977;1;Pereira;Barcelos;Braga;2;;Rua de Pereira Nº5;4750;Barcelos;940094459;965515666;Maxim.Bina@piscinasbarcacellos.pb;3;95390143;58557436879
104;1;César Cecéu;17/12/1974;1;Perelhal;Barcelos;Braga;1;Estefany Dinha;Rua de Perelhal Nº17;4750;Barcelos;947430698;988588294;César.Cecéu@piscinasbarcacellos.pb;3;55721194;10121136296
105;1;Rania Láu;27/10/1998;1;Aborim;Barcelos;Braga;2;;Rua de Aborim Nº88;4750;Barcelos;995791466;921110869;Rania.Láu@piscinasbarcacellos.pb;1;68428488;86805736764
106;1;Nuño Dedé;06/07/1989;1;Adães;Barcelos;Braga;2;;Rua de Adães Nº59;4750;Barcelos;975622388;950051659;Nuño.Dedé@piscinasbarcacellos.pb;1;95175405;92313472232
107;1;Jayssan Tita;18/01/1972;1;Airó;Barcelos;Braga;1;Shyom Chiquinha;Rua de Airó Nº79;4750;Barcelos;972177872;977850583;Jayssan.Tita@piscinasbarcacellos.pb;3;74411803;69716844414
108;1;Xénon Sena;05/07/1973;1;Aldreu;Barcelos;Braga;2;;Rua de Aldreu Nº15;4750;Barcelos;924905048;946983601;Xénon.Sena@piscinasbarcacellos.pb;2;68937742;23341339611
109;1;Rosário Duda;11/07/1972;1;Alvelos;Barcelos;Braga;2;;Rua de Alvelos Nº23;4750;Barcelos;974623711;911601649;Rosário.Duda@piscinasbarcacellos.pb;2;84254660;64751497745
100;1;Timéo Dão;03/01/2000;1;Arcozelo;Barcelos;Braga;2;;Rua de Arcozelo Nº81;4750;Barcelos;931007753;983154571;Timéo.Dão@piscinasbarcacellos.pb;2;64400530;46576464061
111;1;Adonias Netinho;26/04/1980;1;Balugães;Barcelos;Braga;2;;Rua de Balugães Nº75;4750;Barcelos;916028282;952524320;Adonias.Netinho@piscinasbarcacellos.pb;1;44249944;73845318376
112;1;Adame Milu;24/12/1988;1;Barcelinhos;Barcelos;Braga;1;Jagger Lalinha;Rua de Barcelinhos Nº31;4750;Barcelos;997440372;954147064;Adame.Milu@piscinasbarcacellos.pb;1;43047541;54256223558
113;1;Otília Xuxa;11/04/1985;1;Barqueiros;Barcelos;Braga;1;Aleck Bél;Rua de Barqueiros Nº24;4750;Barcelos;996145313;974537874;Otília.Xuxa@piscinasbarcacellos.pb;1;51692725;10680284864
114;1;Reneckson Gil;25/12/1989;1;Cambeses;Barcelos;Braga;1;Junior Bola;Rua de Cambeses Nº10;4750;Barcelos;927689990;955974718;Reneckson.Gil@piscinasbarcacellos.pb;3;78616797;68005106295
115;1;Kiuma Déo;06/06/1974;1;Carapeços;Barcelos;Braga;2;;Rua de Carapeços Nº88;4750;Barcelos;935783559;927346147;Kiuma.Déo@piscinasbarcacellos.pb;1;19499326;87335748549
116;1;Dhavid Alê;09/09/1982;1;Carvalhal;Barcelos;Braga;1;Malu Jujú;Rua de Carvalhal Nº8;4750;Barcelos;995749028;997655871;Dhavid.Alê@piscinasbarcacellos.pb;2;28495641;10106356549
117;1;Wayamy Papa;07/11/1987;1;Carvalhas;Barcelos;Braga;2;;Rua de Carvalhas Nº58;4750;Barcelos;942978667;991510998;Wayamy.Papa@piscinasbarcacellos.pb;2;41823216;86227363368
118;1;Juan Xica;13/11/1970;1;Cossourado;Barcelos;Braga;2;;Rua de Cossourado Nº85;4750;Barcelos;999305415;943030768;Juan.Xica@piscinasbarcacellos.pb;3;46234815;56344583959
119;1;Joliam Bananinha;10/05/1973;1;Cristelo;Barcelos;Braga;1;Áurea Capela;Rua de Cristelo Nº42;4750;Barcelos;945837750;912967124;Joliam.Bananinha@piscinasbarcacellos.pb;2;43116579;75977070464
120;1;Shayana Docinho;13/12/1980;1;Fornelos;Barcelos;Braga;1;Emanuel Dóia;Rua de Fornelos Nº84;4750;Barcelos;997495829;944499280;Shayana.Docinho@piscinasbarcacellos.pb;2;11524725;27930601982
121;1;Vanessa Neto;13/05/1983;1;Fragoso;Barcelos;Braga;2;;Rua de Fragoso Nº8;4750;Barcelos;967481918;987266261;Vanessa.Neto@piscinasbarcacellos.pb;3;22036961;77200592091
122;1;Hamad Kaká;15/03/1992;1;Gilmonde;Barcelos;Braga;1;Eiman JP;Rua de Gilmonde Nº18;4750;Barcelos;956657510;952828250;Hamad.Kaká@piscinasbarcacellos.pb;1;84774711;59809808837
123;1;Enrique Teco;25/04/1990;1;Lama;Barcelos;Braga;2;;Rua de Lama Nº36;4750;Barcelos;963205591;910262694;Enrique.Teco@piscinasbarcacellos.pb;3;90072621;69109002365
124;1;Sejal Careca;09/12/1988;1;Lijó;Barcelos;Braga;1;Ayhane Maluquinho;Rua de Lijó Nº71;4750;Barcelos;947597281;997554457;Sejal.Careca@piscinasbarcacellos.pb;1;79191544;13043937701
125;1;Délia Riquinho;10/02/1974;1;Manhente;Barcelos;Braga;1;Aaliyah Loro;Rua de Manhente Nº86;4750;Barcelos;916127931;978729738;Délia.Riquinho@piscinasbarcacellos.pb;2;20332309;32942804175
126;1;Madison Tonho;27/11/1986;1;Martim;Barcelos;Braga;2;;Rua de Martim Nº1;4750;Barcelos;969970263;986910683;Madison.Tonho@piscinasbarcacellos.pb;2;48718355;18978357652
127;1;Enzo Tozinho;24/06/1973;1;Moure;Barcelos;Braga;2;;Rua de Moure Nº39;4750;Barcelos;965745943;935818204;Enzo.Tozinho@piscinasbarcacellos.pb;1;75106459;81435824997
128;1;Zafar Piu;24/06/1975;1;Oliveira;Barcelos;Braga;2;;Rua de Oliveira Nº13;4750;Barcelos;972819853;972225252;Zafar.Piu@piscinasbarcacellos.pb;1;71302444;24310912937
129;1;Márcia Quil;23/12/1994;1;Palme;Barcelos;Braga;2;;Rua de Palme Nº52;4750;Barcelos;937785289;939341193;Márcia.Quil@piscinasbarcacellos.pb;1;10302282;12397145995
130;1;Wayamy Ratinho;22/03/1977;1;Panque;Barcelos;Braga;1;Ivana Boy;Rua de Panque Nº78;4750;Barcelos;921653046;940412713;Wayamy.Ratinho@piscinasbarcacellos.pb;3;68032472;36284588178
131;1;Aayan Biu;02/01/1985;1;Paradela;Barcelos;Braga;2;;Rua de Paradela Nº23;4750;Barcelos;920099308;986296253;Aayan.Biu@piscinasbarcacellos.pb;3;19918591;65801178058
132;1;Jayden Jacaré;18/02/1973;1;Pereira;Barcelos;Braga;2;;Rua de Pereira Nº65;4750;Barcelos;928381670;971158082;Jayden.Jacaré@piscinasbarcacellos.pb;3;24753254;11474622400
133;1;Cheng Lio;21/09/1978;1;Perelhal;Barcelos;Braga;1;Caelan Losa;Rua de Perelhal Nº72;4750;Barcelos;929458003;984653153;Cheng.Lio@piscinasbarcacellos.pb;2;69169424;74036558084
134;1;Kimi Doquinha;12/05/1977;1;Pousa;Barcelos;Braga;2;;Rua de Pousa Nº63;4750;Barcelos;961911542;935797243;Kimi.Doquinha@piscinasbarcacellos.pb;1;40047685;12126859474
135;1;Daniel Branca;28/10/1972;1;Carapeços;Barcelos;Braga;2;;Rua de Carapeços Nº15;4750;Barcelos;912095916;958180962;Daniel.Branca@piscinasbarcacellos.pb;2;25079067;25913136395
136;1;Luiza Leléo;12/10/1990;1;Carvalhal;Barcelos;Braga;2;;Rua de Carvalhal Nº25;4750;Barcelos;952253562;983372166;Luiza.Leléo@piscinasbarcacellos.pb;1;21329103;64416643252
137;1;Melisa Vic;20/08/1991;1;Carvalhas;Barcelos;Braga;2;;Rua de Carvalhas Nº94;4750;Barcelos;933964198;970410391;Melisa.Vic@piscinasbarcacellos.pb;1;67224421;94943624077
138;1;Ericson Bar;03/01/1975;1;Cossourado;Barcelos;Braga;2;;Rua de Cossourado Nº7;4750;Barcelos;997787355;934704499;Ericson.Bar@piscinasbarcacellos.pb;1;56044785;52983599844
139;1;Nour Teco;05/10/1982;1;Cristelo;Barcelos;Braga;2;;Rua de Cristelo Nº93;4750;Barcelos;916779052;947320110;Nour.Teco@piscinasbarcacellos.pb;3;31135708;16750588876
140;1;N'Nasta Lobão;19/11/1985;1;Fornelos;Barcelos;Braga;1;Yuran Belinha;Rua de Fornelos Nº55;4750;Barcelos;993175339;963018670;N'Nasta.Lobão@piscinasbarcacellos.pb;2;84130820;29466740595
141;1;Ícaro Capela;06/05/1981;1;Fragoso;Barcelos;Braga;2;;Rua de Fragoso Nº49;4750;Barcelos;989008463;979881708;Ícaro.Capela@piscinasbarcacellos.pb;3;57713674;61337193003
142;1;Nidhi Chiquinha;17/06/1985;1;Gilmonde;Barcelos;Braga;1;Almerinda Pépe;Rua de Gilmonde Nº8;4750;Barcelos;916911251;942079668;Nidhi.Chiquinha@piscinasbarcacellos.pb;1;59449006;71169007622
143;1;Chelse Jamanta;16/04/1976;1;Lama;Barcelos;Braga;1;Josiel Pingo;Rua de Lama Nº4;4750;Barcelos;912969883;958297206;Chelse.Jamanta@piscinasbarcacellos.pb;2;76193751;11625855949
144;1;Ábda Chibinha;23/01/1996;1;Lijó;Barcelos;Braga;1;Kawame Duda;Rua de Lijó Nº87;4750;Braga;933265325;930033389;Ábda.Chibinha@piscinasbarcacellos.pb;3;17185829;16364976198
145;1;Skylar Neto;27/10/1992;1;Manhente;Barcelos;Braga;2;;Rua de Manhente Nº12;4750;Barcelos;951838473;940022182;Skylar.Neto@piscinasbarcacellos.pb;3;19567745;88395618183
146;1;Denil Juca;27/06/1991;1;Martim;Barcelos;Braga;1;Ali Fofa;Rua de Martim Nº29;4750;Barcelos;953556368;929399752;Denil.Juca@piscinasbarcacellos.pb;2;56097640;91744784900
147;1;Cheng Gúh;12/12/1997;1;Moure;Barcelos;Braga;1;Jivreet Geno;Rua de Moure Nº8;4750;Barcelos;921233394;989186399;Cheng.Gúh@piscinasbarcacellos.pb;1;37578753;82844100441
148;1;Dillon Quél;18/11/1992;1;Oliveira;Barcelos;Braga;1;Nair Tita;Rua de Oliveira Nº31;4750;Barcelos;940066765;947419985;Dillon.Quél@piscinasbarcacellos.pb;2;66170671;99474217581
149;1;Henrique Quil;16/06/1986;1;Palme;Barcelos;Braga;1;Cherry Vavá;Rua de Palme Nº65;4750;Barcelos;964890685;932032100;Henrique.Quil@piscinasbarcacellos.pb;3;20477506;30440086605
150;1;Anaís Tonton;11/08/1992;1;Panque;Barcelos;Braga;1;Aram Benta;Rua de Panque Nº74;4750;Barcelos;987025346;957937881;Anaís.Tonton@piscinasbarcacellos.pb;2;25342078;71756492814
151;1;Juli Maninho;05/04/2000;1;Paradela;Barcelos;Braga;1;Michele Tatinha;Rua de Paradela Nº77;4750;Barcelos;975883240;945546516;Juli.Maninho@piscinasbarcacellos.pb;3;60699456;77347165863
152;1;Hala Beto;22/04/1992;1;Pereira;Barcelos;Braga;1;Pregua Beta;Rua de Pereira Nº24;4750;Barcelos;953533549;919571537;Hala.Beto@piscinasbarcacellos.pb;2;38935044;91275748715
153;1;Josué Furinha;14/12/1970;1;Aborim;Barcelos;Braga;2;;Rua de Aborim Nº83;4750;Barcelos;937044437;974690058;Josué.Furinha@piscinasbarcacellos.pb;3;27269161;80638272315
154;1;Tamára Belo;17/09/1989;1;Adães;Barcelos;Braga;1;Jack Loro;Rua de Adães Nº17;4750;Barcelos;962810506;910178166;Tamára.Belo@piscinasbarcacellos.pb;3;45716142;36646197634
155;1;Ieva Nôh;18/11/1992;1;Airó;Barcelos;Braga;1;Andres Bob;Rua de Airó Nº74;4750;Barcelos;942783828;962320264;Ieva.Nôh@piscinasbarcacellos.pb;1;10599278;62829179305
156;1;Brandon Docinho;08/10/1988;1;Aldreu;Barcelos;Braga;2;;Rua de Aldreu Nº75;4750;Barcelos;919522249;971939872;Brandon.Docinho@piscinasbarcacellos.pb;1;62408927;61534133361
157;1;Tayanni Mascote;15/02/1991;1;Alvelos;Barcelos;Braga;1;Alcilane Guta;Rua de Alvelos Nº47;4750;Barcelos;935770437;943665018;Tayanni.Mascote@piscinasbarcacellos.pb;2;66437432;48412604375
158;1;Lyra Tita;28/03/1975;1;Arcozelo;Barcelos;Braga;2;;Rua de Arcozelo Nº17;4750;Barcelos;927124677;914037306;Lyra.Tita@piscinasbarcacellos.pb;2;62944347;11276825863
159;1;Aliyah Binho;08/11/1971;1;Balugães;Barcelos;Braga;1;Alison Cebolinha;Rua de Balugães Nº50;4750;Barcelos;918171719;910505360;Aliyah.Binho@piscinasbarcacellos.pb;2;85675058;99584492190
160;1;Luan Peleco;28/04/1975;1;Barcelinhos;Barcelos;Braga;2;;Rua de Barcelinhos Nº28;4750;Barcelos;938381117;962642047;Luan.Peleco@piscinasbarcacellos.pb;1;19597708;69891546415
161;1;Elson Melão;21/03/1981;1;Barqueiros;Barcelos;Braga;1;Dinica Ratinho;Rua de Barqueiros Nº83;4750;Barcelos;937432509;911642754;Elson.Melão@piscinasbarcacellos.pb;2;29949767;25464256162
162;1;Arian Bola;04/11/1991;1;Cambeses;Barcelos;Braga;2;;Rua de Cambeses Nº20;4750;Barcelos;956758519;966554830;Arian.Bola@piscinasbarcacellos.pb;1;27639776;73302428369
163;1;Noah Tina;17/12/1994;1;Carapeços;Barcelos;Braga;1;Oriel Chiquinha;Rua de Carapeços Nº19;4750;Barcelos;987643070;953228666;Noah.Tina@piscinasbarcacellos.pb;3;51273949;55066823492
164;1;Elisa Duda;17/12/1970;1;Fraião;Barcelos;Braga;2;;Rua de Carvalhal Nº76;4750;Barcelos;959076933;987851844;Elisa.Duda@piscinasbarcacellos.pb;2;52650324;42711520289
165;1;Lais Bina;08/12/1985;1;Carvalhas;Barcelos;Braga;2;;Rua de Carvalhas Nº33;4750;Barcelos;960466568;967965723;Lais.Bina@piscinasbarcacellos.pb;3;87869911;76952227437
166;1;Ersílio Preto;22/06/1975;1;Cossourado;Barcelos;Braga;2;;Rua de Cossourado Nº54;4750;Barcelos;968295236;948823590;Ersílio.Preto@piscinasbarcacellos.pb;3;19351435;45026370951
167;1;Harkirat Fofão;13/12/1982;1;Cristelo;Barcelos;Braga;1;Vida Sol;Rua de Cristelo Nº16;4750;Barcelos;936640447;979489150;Harkirat.Fofão@piscinasbarcacellos.pb;1;10601336;18369236998
168;1;Jasleen Quél;25/01/1984;1;Fornelos;Barcelos;Braga;1;Cael Neguinho;Rua de Fornelos Nº35;4750;Barcelos;947386985;988912321;Jasleen.Quél@piscinasbarcacellos.pb;1;73167756;83843003801
169;1;Liliia Macarrão;08/05/1992;1;Fragoso;Barcelos;Braga;1;Valdemar Pipo;Rua de Fragoso Nº97;4750;Barcelos;986057689;962507115;Liliia.Macarrão@piscinasbarcacellos.pb;2;24709195;74799989619
170;1;Ivânia Pica-Pau;07/07/1972;1;Gilmonde;Barcelos;Braga;2;;Rua de Gilmonde Nº64;4750;Barcelos;949383726;959359366;Ivânia.Pica-Pau@piscinasbarcacellos.pb;2;26541622;66761932636
171;1;Gael Galego;26/02/1984;1;Lama;Barcelos;Braga;1;Maia Fred;Rua de Lama Nº69;4750;Barcelos;947208088;929186098;Gael.Galego@piscinasbarcacellos.pb;1;71690902;35483044151
172;1;Shanzay Jamanta;12/12/1971;1;Lijó;Barcelos;Braga;2;;Rua de Lijó Nº67;4750;Barcelos;963292055;928036557;Shanzay.Jamanta@piscinasbarcacellos.pb;2;78850713;42296616402
173;1;Deep Pipo;19/09/1972;1;Manhente;Barcelos;Braga;1;Libânia Quita;Rua de Manhente Nº82;4750;Barcelos;940834024;986602930;Deep.Pipo@piscinasbarcacellos.pb;3;65850557;36882283735
174;1;Rivan Pezão;24/10/1986;1;Martim;Barcelos;Braga;1;Iana Bad;Rua de Martim Nº20;4750;Barcelos;992761247;992193056;Rivan.Pezão@piscinasbarcacellos.pb;1;21710795;39375256893
175;1;Dália Tatinha;01/05/1988;1;Moure;Barcelos;Braga;2;;Rua de Moure Nº88;4750;Barcelos;924890486;986841789;Dália.Tatinha@piscinasbarcacellos.pb;2;41062176;65275051919
176;1;Madeha Léo;05/07/1991;1;Oliveira;Barcelos;Braga;2;;Rua de Oliveira Nº22;4750;Barcelos;912114924;982426363;Madeha.Léo@piscinasbarcacellos.pb;1;32885464;15983318964
177;1;Adriane Gui;21/04/1980;1;Palme;Barcelos;Braga;1;Melina Furinha;Rua de Palme Nº4;4750;Barcelos;925454219;942652186;Adriane.Gui@piscinasbarcacellos.pb;3;74383948;28401052394
178;1;Mathilde Bél;01/09/1998;1;Panque;Barcelos;Braga;1;Lucca Grilo;Rua de Panque Nº5;4750;Barcelos;934423712;950997376;Mathilde.Bél@piscinasbarcacellos.pb;1;19177126;69318308181
179;1;Esmeralda Duduzinho;15/12/1992;1;Paradela;Barcelos;Braga;2;;Rua de Paradela Nº92;4750;Barcelos;920929933;920143676;Esmeralda.Duduzinho@piscinasbarcacellos.pb;1;94239194;72246005929
180;1;Ewa Drica;27/11/1993;1;Pereira;Barcelos;Braga;2;;Rua de Pereira Nº91;4750;Barcelos;945471165;987686290;Ewa.Drica@piscinasbarcacellos.pb;1;40668711;84138256649
181;1;Malik Lilico;08/06/1976;1;Perelhal;Barcelos;Braga;1;Theo Tozinho;Rua de Perelhal Nº23;4750;Barcelos;959569822;928681073;Malik.Lilico@piscinasbarcacellos.pb;2;76478920;46518946916
182;1;Rosana Dinho;01/08/1998;1;Pousa;Barcelos;Braga;1;Hyrningur Cebolinha;Rua de Pousa Nº65;4750;Barcelos;984796328;995479627;Rosana.Dinho@piscinasbarcacellos.pb;3;92377598;19216171226
183;1;Laurent Geno;19/11/1986;1;Carapeços;Barcelos;Braga;2;;Rua de Carapeços Nº63;4750;Barcelos;997838082;977110488;Laurent.Geno@piscinasbarcacellos.pb;2;52872863;37543875641
184;1;Benjamín Verinha;04/08/1987;1;Carvalhal;Barcelos;Braga;2;;Rua de Carvalhal Nº61;4750;Barcelos;949027258;948515001;Benjamín.Verinha@piscinasbarcacellos.pb;3;63126599;89790671503
185;1;Leví Tampinha;03/04/1989;1;Carvalhas;Barcelos;Braga;1;Kenzo Anjinha;Rua de Carvalhas Nº76;4750;Barcelos;994645539;968688690;Leví.Tampinha@piscinasbarcacellos.pb;3;74112691;91075833713
186;1;Jason Vavá;21/02/1986;1;Cossourado;Barcelos;Braga;2;;Rua de Cossourado Nº69;4750;Barcelos;977564807;924582406;Jason.Vavá@piscinasbarcacellos.pb;3;19875003;59040311491
187;1;Mélyssa Tonho;03/04/1983;1;Cristelo;Barcelos;Braga;2;;Rua de Cristelo Nº22;4750;Barcelos;971976523;949898169;Mélyssa.Tonho@piscinasbarcacellos.pb;2;66629833;64004472555
188;1;Kaleb Flor;22/02/1985;1;Fornelos;Barcelos;Braga;2;;Rua de Fornelos Nº60;4750;Barcelos;972944863;965577202;Kaleb.Flor@piscinasbarcacellos.pb;2;81060122;55000479194
189;1;Aynoah Ganso;07/01/1971;1;Fragoso;Barcelos;Braga;1;Juliano Huck;Rua de Fragoso Nº93;4750;Barcelos;963439630;926838192;Aynoah.Ganso@piscinasbarcacellos.pb;2;67179288;43560444701
190;1;Zalia Quinho;11/02/1985;1;Gilmonde;Barcelos;Braga;2;;Rua de Gilmonde Nº91;4750;Barcelos;954710509;917374458;Zalia.Quinho@piscinasbarcacellos.pb;2;36882157;51556790557
191;1;Jerónimo Pipoca;27/05/1974;1;Lama;Barcelos;Braga;1;Délia Neto;Rua de Lama Nº13;4750;Barcelos;958858312;983134118;Jerónimo.Pipoca@piscinasbarcacellos.pb;1;57810069;47529093265
192;1;Saico Pezão;03/05/1973;1;Lijó;Barcelos;Braga;1;Afonsina Duda;Rua de Lijó Nº93;4750;Barcelos;936482088;980702006;Saico.Pezão@piscinasbarcacellos.pb;3;91480779;71510691425
193;1;Franziska Mosca;04/02/2000;1;Manhente;Barcelos;Braga;2;;Rua de Manhente Nº70;4750;Barcelos;982978917;997044813;Franziska.Mosca@piscinasbarcacellos.pb;2;85850496;25926551874
194;1;Ayla Tonton;24/04/1977;1;Martim;Barcelos;Braga;2;;Rua de Martim Nº50;4750;Barcelos;912311447;957466067;Ayla.Tonton@piscinasbarcacellos.pb;1;21627728;25186889650
195;1;Petra Maninho;15/07/1998;1;Moure;Barcelos;Braga;2;;Rua de Moure Nº22;4750;Barcelos;936409236;913869345;Petra.Maninho@piscinasbarcacellos.pb;3;65631265;53483649933
196;1;Júlio Ninha;17/09/1999;1;Oliveira;Barcelos;Braga;1;Evelina Cacau;Rua de Oliveira Nº72;4750;Barcelos;972023142;979311510;Júlio.Ninha@piscinasbarcacellos.pb;1;56185047;23160135012
197;1;Petru Tulio;18/10/1972;1;Palme;Barcelos;Braga;2;;Rua de Palme Nº52;4750;Barcelos;949241755;971536498;Petru.Tulio@piscinasbarcacellos.pb;2;52512082;18563204844
198;1;Yafei Dadá;03/05/1972;1;Panque;Barcelos;Braga;2;;Rua de Panque Nº46;4750;Barcelos;961710389;932889856;Yafei.Dadá@piscinasbarcacellos.pb;1;86724973;34291751541
199;1;Bebiana Vivi;20/02/1997;1;Aborim;Barcelos;Braga;2;;Rua de Aborim Nº24;4750;Barcelos;935442481;964166776;Bebiana.Vivi@piscinasbarcacellos.pb;2;45825629;25970320926
200;1;Daiana Pepê;15/09/1998;1;Adães;Barcelos;Braga;1;Kelton Capela;Rua de Adães Nº47;4750;Barcelos;930241097;965472325;Daiana.Pepê@piscinasbarcacellos.pb;3;96881393;60368433832
201;1;Yanni Dóia;08/04/1996;1;Airó;Barcelos;Braga;1;Isadora Duca;Rua de Airó Nº44;4750;Barcelos;986382234;992652990;Yanni.Dóia@piscinasbarcacellos.pb;2;55410253;94072261855
202;1;Nair Dinho;05/12/1974;1;Aldreu;Barcelos;Braga;1;Sahibdeep Fafá;Rua de Aldreu Nº5;4750;Barcelos;919945801;946858343;Nair.Dinho@piscinasbarcacellos.pb;2;28746229;91377174163
203;1;Daniely Quil;23/03/1989;1;Alvelos;Barcelos;Braga;1;Jaciara Jota;Rua de Alvelos Nº75;4750;Barcelos;943174169;911681796;Daniely.Quil@piscinasbarcacellos.pb;3;24576536;63609576250
204;1;Laércia Pretinho;22/02/1983;1;Arcozelo;Barcelos;Braga;1;Mushtaribonu Gordo;Rua de Arcozelo Nº100;4750;Barcelos;944113678;940908709;Laércia.Pretinho@piscinasbarcacellos.pb;3;39511030;71482579629
205;1;Alessandro Preto;09/05/1971;1;Balugães;Barcelos;Braga;1;Betânia Guri;Rua de Balugães Nº43;4750;Barcelos;947065056;986396633;Alessandro.Preto@piscinasbarcacellos.pb;3;25176307;96413632891
206;1;Yanxi Dedé;21/07/1989;1;Barcelinhos;Barcelos;Braga;2;;Rua de Barcelinhos Nº37;4750;Barcelos;927701935;990878146;Yanxi.Dedé@piscinasbarcacellos.pb;2;61949020;49229884869
207;1;Yafei Nininho;04/09/1974;1;Barqueiros;Barcelos;Braga;1;Dolores Beto;Rua de Barqueiros Nº61;4750;Barcelos;952973371;919703306;Yafei.Nininho@piscinasbarcacellos.pb;3;43411116;20292678923
208;1;Clayton Bél;09/02/1970;1;Cambeses;Barcelos;Braga;2;;Rua de Cambeses Nº11;4750;Barcelos;928084522;941321662;Clayton.Bél@piscinasbarcacellos.pb;1;64578955;32801096133
209;1;Namaaha Dudú;14/11/1989;1;Carapeços;Barcelos;Braga;2;;Rua de Carapeços Nº90;4750;Barcelos;921433538;920622418;Namaaha.Dudú@piscinasbarcacellos.pb;3;19439807;44946097313
210;1;Hélcia Jiló;24/06/1973;1;Carvalhal;Barcelos;Braga;2;;Rua de Carvalhal Nº27;4750;Barcelos;910721811;924852762;Hélcia.Jiló@piscinasbarcacellos.pb;2;72745939;58659963242
211;1;Guido Guri;13/08/1989;1;Carvalhas;Barcelos;Braga;2;;Rua de Carvalhas Nº44;4750;Barcelos;946414194;946818844;Guido.Guri@piscinasbarcacellos.pb;1;34252454;21489842621
212;1;Ieva Tica;20/03/1978;1;Cossourado;Barcelos;Braga;1;Mila Riquinho;Rua de Cossourado Nº81;4750;Barcelos;952349286;939864711;Ieva.Tica@piscinasbarcacellos.pb;3;41996118;66953823037
213;1;Simão Láu;22/10/1982;1;Cristelo;Barcelos;Braga;1;Andy Tonton;Rua de Cristelo Nº66;4750;Barcelos;979155106;940171928;Simão.Láu@piscinasbarcacellos.pb;1;42818459;62714607122
214;1;Júlio Gui;27/12/1978;1;Fornelos;Barcelos;Braga;2;;Rua de Fornelos Nº27;4750;Barcelos;986718631;921480505;Júlio.Gui@piscinasbarcacellos.pb;1;19479291;24348342181
215;1;Ezekiel Bananinha;16/08/1978;1;Fragoso;Barcelos;Braga;1;Jingxuan Véi;Rua de Fragoso Nº7;4750;Barcelos;973398354;986266145;Ezekiel.Bananinha@piscinasbarcacellos.pb;2;83000192;61617807455
216;1;Tayna Lio;10/01/1990;1;Gilmonde;Barcelos;Braga;2;;Rua de Gilmonde Nº64;4750;Barcelos;994360204;917835193;Tayna.Lio@piscinasbarcacellos.pb;3;32931526;69068186123
217;1;Sadiya Painho;17/11/2000;1;Lama;Barcelos;Braga;2;;Rua de Lama Nº94;4750;Barcelos;969144389;980942910;Sadiya.Painho@piscinasbarcacellos.pb;1;32118729;93474208048
218;1;Ion Tatá;14/07/1988;1;Lijó;Barcelos;Braga;1;Houssainatou Benta;Rua de Lijó Nº14;4750;Barcelos;929319546;926147432;Ion.Tatá@piscinasbarcacellos.pb;3;90721865;56686957781
219;1;Khaleesi Belo;19/01/1983;1;Manhente;Barcelos;Braga;1;Lyah Mila-milu;Rua de Manhente Nº94;4750;Barcelos;978633957;951090508;Khaleesi.Belo@piscinasbarcacellos.pb;1;31956507;10664615538
220;1;Kyomara Flor;27/01/1975;1;Martim;Barcelos;Braga;1;Andrea Pipo;Rua de Martim Nº98;4750;Barcelos;955681437;922208963;Kyomara.Flor@piscinasbarcacellos.pb;1;31121493;52580263502
221;1;Yelissa Lilico;01/07/2000;1;Moure;Barcelos;Braga;2;;Rua de Moure Nº15;4750;Barcelos;968285199;942057509;Yelissa.Lilico@piscinasbarcacellos.pb;3;98697942;65034817118
222;1;Julieth Pica-Pau;04/12/1980;1;Oliveira;Barcelos;Braga;2;;Rua de Oliveira Nº64;4750;Barcelos;983631215;915402593;Julieth.Pica-Pau@piscinasbarcacellos.pb;1;70669327;66229655833
223;1;Melany Rob;11/01/1975;1;Palme;Barcelos;Braga;1;Lorenza Láu;Rua de Palme Nº65;4750;Barcelos;994854507;981112029;Melany.Rob@piscinasbarcacellos.pb;2;54027596;92554992787
224;1;Yussuf Léo;11/05/2000;1;Panque;Barcelos;Braga;2;Joana Garcia;Rua de Panque Nº57;4750;Barcelos;998893612;947826631;Yussuf.Léo@piscinasbarcacellos.pb;3;52757359;57562411712
225;1;Rajanbir Filó;05/11/1997;1;Paradela;Barcelos;Braga;1;Romario Ninha;Rua de Paradela Nº61;4750;Barcelos;992617087;958709766;Rajanbir.Filó@piscinasbarcacellos.pb;2;98315473;78672413288
226;1;Petro Beto;04/10/1986;1;Pereira;Barcelos;Braga;1;Khiiara Boneco;Rua de Pereira Nº17;4750;Barcelos;945900228;914583473;Petro.Beto@piscinasbarcacellos.pb;1;35365922;80361106377
227;1;Dien Guri;11/10/1983;1;Perelhal;Barcelos;Braga;1;Kiluanji Pépe;Rua de Perelhal Nº23;4750;Barcelos;953522548;950055726;Dien.Guri@piscinasbarcacellos.pb;2;45098096;62526265141
228;1;Tércio Biau;08/04/2000;1;Pousa;Barcelos;Braga;2;;Rua de Pousa Nº44;4750;Barcelos;929388595;993241239;Tércio.Biau@piscinasbarcacellos.pb;2;66582743;44881443786
229;1;Silke Zézinho;03/04/1981;1;Fragoso;Barcelos;Braga;2;;Rua de Fragoso Nº28;4750;Barcelos;910900584;975730991;Silke.Zézinho@piscinasbarcacellos.pb;3;99679089;56632908227
230;1;Russell Edinho;20/06/1990;1;Gilmonde;Barcelos;Braga;2;;Rua de Gilmonde Nº44;4750;Barcelos;940264907;979128517;Russell.Edinho@piscinasbarcacellos.pb;2;37303591;87987143744
231;1;Magalie Jacaré;24/03/1987;1;Lama;Barcelos;Braga;1;Gelila Ritinha;Rua de Lama Nº23;4750;Barcelos;965825689;932292603;Magalie.Jacaré@piscinasbarcacellos.pb;3;90753357;15244943064
232;1;Aicha Sabiá;03/04/1983;1;Lijó;Barcelos;Braga;2;;Rua de Lijó Nº9;4750;Barcelos;931431685;943960430;Aicha.Sabiá@piscinasbarcacellos.pb;2;75818465;89996954157
233;1;Dillon Bela;10/02/1983;1;Manhente;Barcelos;Braga;1;Bubacar Júh;Rua de Manhente Nº37;4750;Barcelos;977506031;946054085;Dillon.Bela@piscinasbarcacellos.pb;3;98572162;96235713422
234;1;Kellyson Duda;12/01/1971;1;Martim;Barcelos;Braga;1;Naylah Duca;Rua de Martim Nº48;4750;Barcelos;995276667;915232698;Kellyson.Duda@piscinasbarcacellos.pb;3;35605639;46497028998
235;1;Sergiu Jiló;04/10/1984;1;Moure;Barcelos;Braga;1;Lovleen Drica;Rua de Moure Nº88;4750;Barcelos;942924252;954995699;Sergiu.Jiló@piscinasbarcacellos.pb;3;39645599;90086578379
236;1;Anaïs Pezão;24/06/1995;1;Oliveira;Barcelos;Braga;2;;Rua de Oliveira Nº57;4750;Barcelos;948064652;926947310;Anaïs.Pezão@piscinasbarcacellos.pb;3;92501422;53871032648
237;1;Kendrick Mila-milu;12/04/1996;1;Palme;Barcelos;Braga;2;;Rua de Palme Nº30;4750;Barcelos;980985526;965708006;Kendrick.Mila-milu@piscinasbarcacellos.pb;1;67895749;97896230136
238;1;Thayla Duca;08/12/1976;1;Panque;Barcelos;Braga;2;;Rua de Panque Nº54;4750;Barcelos;920514256;974696288;Thayla.Duca@piscinasbarcacellos.pb;3;17855794;78949055811
239;1;Jassira Filó;28/01/1998;1;Paradela;Barcelos;Braga;2;;Rua de Paradela Nº19;4750;Barcelos;912364601;959314220;Jassira.Filó@piscinasbarcacellos.pb;3;77979833;16907180370
240;1;Jessica Branca;14/07/1979;1;Aborim;Barcelos;Braga;2;;Rua de Aborim Nº25;4750;Barcelos;942044807;948067862;Jessica.Branca@piscinasbarcacellos.pb;2;69320201;84596726089
241;1;Rúbia Tudão;28/11/1997;1;Adães;Barcelos;Braga;1;Kledilson Boneca;Rua de Adães Nº58;4750;Barcelos;956236316;964157559;Rúbia.Tudão@piscinasbarcacellos.pb;2;59632359;27323140609
242;1;Maia Val;20/04/1988;1;Airó;Barcelos;Braga;2;;Rua de Airó Nº59;4750;Barcelos;921783415;928144823;Maia.Val@piscinasbarcacellos.pb;3;64640067;72546429441
243;1;Irina Ninha;09/01/2000;1;Aldreu;Barcelos;Braga;2;;Rua de Aldreu Nº27;4750;Barcelos;966541560;960557840;Irina.Ninha@piscinasbarcacellos.pb;1;38042058;78958278483
244;1;Efim Bob;02/01/1987;1;Alvelos;Barcelos;Braga;2;;Rua de Alvelos Nº88;4750;Barcelos;943664221;933775940;Efim.Bob@piscinasbarcacellos.pb;3;98246985;60226484356
245;1;Belle Vál;08/03/2000;1;Arcozelo;Barcelos;Braga;1;Aminata Mel;Rua de Arcozelo Nº23;4750;Barcelos;921999102;930642426;Belle.Vál@piscinasbarcacellos.pb;1;57516391;75012028565
246;1;Cathrionna Duda;06/08/1986;1;Balugães;Barcelos;Braga;1;Emaan Loro;Rua de Balugães Nº49;4750;Barcelos;944194092;975970942;Cathrionna.Duda@piscinasbarcacellos.pb;1;55736172;37500007849
247;1;Timeea Chiquinha;24/09/1981;1;Barcelinhos;Barcelos;Braga;2;;Rua de Barcelinhos Nº27;4750;Barcelos;938958993;997980208;Timeea.Chiquinha@piscinasbarcacellos.pb;3;28213311;47562516378
248;1;Bento Xica;03/06/1990;1;Barqueiros;Barcelos;Braga;1;Niah Pipo;Rua de Barqueiros Nº39;4750;Barcelos;969225234;912578360;Bento.Xica@piscinasbarcacellos.pb;2;13881997;56865941419
249;1;Ehinonmen Geno;08/02/1977;1;Cambeses;Barcelos;Braga;1;Dani Cebolinha;Rua de Cambeses Nº36;4750;Barcelos;946244385;927847420;Ehinonmen.Geno@piscinasbarcacellos.pb;1;26087754;88166298830
250;1;Pascoal Dunga;06/03/1998;1;Carapeços;Barcelos;Braga;1;Markiyan Bananinha;Rua de Carapeços Nº37;4750;Barcelos;987954792;966472870;Pascoal.Dunga@piscinasbarcacellos.pb;1;98166244;42285467912
251;1;Oscár Mel;26/02/1971;1;Carvalhal;Barcelos;Braga;1;Owen Tonton;Rua de Carvalhal Nº70;4750;Barcelos;979772421;981000615;Oscár.Mel@piscinasbarcacellos.pb;2;91053886;18022546420
252;1;Vitória Negão;03/11/1983;1;Carvalhas;Barcelos;Braga;1;Xica Neto;Rua de Carvalhas Nº11;4750;Barcelos;981471458;966860453;Vitória.Negão@piscinasbarcacellos.pb;1;15137745;49024026185
253;1;Zilda Dema;09/04/1997;1;Cossourado;Barcelos;Braga;1;Cristina Pica-Pau;Rua de Cossourado Nº69;4750;Barcelos;915882950;983133108;Zilda.Dema@piscinasbarcacellos.pb;3;98823719;41564062602
254;1;Apolo Cacau;02/05/1985;1;Cristelo;Barcelos;Braga;2;;Rua de Cristelo Nº33;4750;Barcelos;926136510;960565345;Apolo.Cacau@piscinasbarcacellos.pb;3;67050928;85812953182
255;1;Gina Lia;07/01/1973;1;Fornelos;Barcelos;Braga;2;;Rua de Fornelos Nº80;4750;Barcelos;928450808;978423154;Gina.Lia@piscinasbarcacellos.pb;1;91855602;26812788443
256;1;Artur Tampinha;26/09/1980;1;Fragoso;Barcelos;Braga;1;Danilo Nininho;Rua de Fragoso Nº71;4750;Barcelos;963255300;918839388;Artur.Tampinha@piscinasbarcacellos.pb;2;74917090;68271311079
257;1;Suria Beto;10/10/1994;1;Gilmonde;Barcelos;Braga;1;Ni Ratinho;Rua de Gilmonde Nº85;4750;Barcelos;931236237;951818641;Suria.Beto@piscinasbarcacellos.pb;3;92528827;47805249685
258;1;Runi Maluquinho;17/11/1980;1;Lama;Barcelos;Braga;2;;Rua de Lama Nº54;4750;Barcelos;945724809;973703341;Runi.Maluquinho@piscinasbarcacellos.pb;3;87718705;12643841941
259;1;Jaziel Sol;28/10/1985;1;Lijó;Barcelos;Braga;1;Dafny Peuzinha;Rua de Lijó Nº50;4750;Barcelos;997772648;937718017;Jaziel.Sol@piscinasbarcacellos.pb;2;72382713;90957436436
260;1;Kelvin Verinha;21/05/1974;1;Manhente;Barcelos;Braga;1;Nirbhay Lobão;Rua de Manhente Nº55;4750;Barcelos;958376392;990017932;Kelvin.Verinha@piscinasbarcacellos.pb;2;68837955;51905230178
261;1;Salomão Nôh;01/07/1978;1;Martim;Barcelos;Braga;2;;Rua de Martim Nº30;4750;Barcelos;911208187;946848147;Salomão.Nôh@piscinasbarcacellos.pb;2;44768319;69594333307
262;1;Dominique Pity;07/05/2000;1;Moure;Barcelos;Braga;1;Émilly Xuxa;Rua de Moure Nº96;4750;Barcelos;986083639;963915172;Dominique.Pity@piscinasbarcacellos.pb;1;18377064;28974260168
263;1;Skylar Pretinho;20/03/1974;1;Oliveira;Barcelos;Braga;1;Ismael Gáu;Rua de Oliveira Nº99;4750;Barcelos;955117374;915133696;Skylar.Pretinho@piscinasbarcacellos.pb;3;10047146;20200984475
264;1;Ellen Sabiá;18/03/2000;1;Palme;Barcelos;Braga;2;;Rua de Palme Nº45;4750;Barcelos;933384824;913676474;Ellen.Sabiá@piscinasbarcacellos.pb;3;31437113;36373247174
265;1;Kaela Tita;23/12/1985;1;Panque;Barcelos;Braga;2;;Rua de Panque Nº19;4750;Barcelos;951352848;962995399;Kaela.Tita@piscinasbarcacellos.pb;3;38032558;50620052002
266;1;Katie Déca;02/06/1989;1;Paradela;Barcelos;Braga;2;;Rua de Paradela Nº52;4750;Barcelos;975109244;938448634;Katie.Déca@piscinasbarcacellos.pb;3;60068107;83923013457
267;1;Lavonne Nél;18/08/1998;1;Pereira;Barcelos;Braga;1;Silmery Neguinho;Rua de Pereira Nº32;4750;Barcelos;926500497;972241016;Lavonne.Nél@piscinasbarcacellos.pb;3;24950341;33910444240
268;1;Aimeé Bar;06/06/1987;1;Perelhal;Barcelos;Braga;1;Ilídio Peuzinha;Rua de Perelhal Nº28;4750;Barcelos;951170512;920314480;Aimeé.Bar@piscinasbarcacellos.pb;2;33140010;23742035295
269;1;Alina Galego;28/09/1978;1;Pousa;Barcelos;Braga;2;;Rua de Pousa Nº79;4750;Barcelos;955588385;929738857;Alina.Galego@piscinasbarcacellos.pb;3;65146697;26432718766
270;1;Bella Gordo;25/09/1970;1;Cambeses;Barcelos;Braga;1;Abdul Japa;Rua de Cambeses Nº87;4750;Barcelos;991600171;991773619;Bella.Gordo@piscinasbarcacellos.pb;3;74544256;40844551186
271;1;Gurnoor Flor;23/02/1993;1;Carapeços;Barcelos;Braga;2;;Rua de Carapeços Nº40;4750;Barcelos;997915488;924376342;Gurnoor.Flor@piscinasbarcacellos.pb;3;41877133;38625351891
272;1;Ioan Dunga;09/05/1997;1;Carvalhal;Barcelos;Braga;2;;Rua de Carvalhal Nº78;4750;Barcelos;935725478;990413099;Ioan.Dunga@piscinasbarcacellos.pb;1;53939431;68532574059
273;1;Maisha Pica-Pau;05/10/1992;1;Carvalhas;Barcelos;Braga;1;Ciro Mila-milu;Rua de Carvalhas Nº13;4750;Barcelos;956615594;943020432;Maisha.Pica-Pau@piscinasbarcacellos.pb;1;59117866;52071563454
274;1;Túlipa Fofão;02/01/1983;1;Cossourado;Barcelos;Braga;1;Jofrania Melão;Rua de Cossourado Nº36;4750;Barcelos;959037541;999956029;Túlipa.Fofão@piscinasbarcacellos.pb;2;56020194;48046684548
275;1;Stevan Véi;02/10/1990;1;Barcelos;Barcelos;Braga;1;Florence Bananinha;Rua de Barcelos Nº87;4750;Barcelos;990600185;999129094;Stevan.Véi@piscinasbarcacellos.pb;3;52519685;46997116679
276;1;Harrison Jiló;09/11/1993;1;Martim;Barcelos;Braga;2;;Rua de Martim Nº5;4750;Barcelos;920099168;942472067;Harrison.Jiló@piscinasbarcacellos.pb;3;37509313;15268135287
277;1;Sulamita Quita;21/08/1970;1;Moure;Barcelos;Braga;2;;Rua de Moure Nº94;4750;Barcelos;936350916;967779381;Sulamita.Quita@piscinasbarcacellos.pb;1;91533035;41573392821
278;1;Alisha Pretinho;12/12/2000;1;Oliveira;Barcelos;Braga;1;Jesus Dema;Rua de Oliveira Nº67;4750;Barcelos;934200976;912491263;Alisha.Pretinho@piscinasbarcacellos.pb;1;57881439;55719751550
279;1;Máximo Mel;18/11/1982;1;Palme;Barcelos;Braga;1;Lisbon Pica-Pau;Rua de Palme Nº23;4750;Barcelos;984531551;915982832;Máximo.Mel@piscinasbarcacellos.pb;2;76806682;91747949282
280;1;Nuryam Lunga;26/11/1993;1;Panque;Barcelos;Braga;1;Abrão Juca;Rua de Panque Nº9;4750;Barcelos;940333825;968932462;Nuryam.Lunga@piscinasbarcacellos.pb;3;32613051;84852815393
281;1;Juisney Quita;25/07/1974;1;Paradela;Barcelos;Braga;2;;Rua de Paradela Nº50;4750;Barcelos;922374711;915158438;Juisney.Quita@piscinasbarcacellos.pb;1;91006530;27176168383
282;1;Dora Papa;15/06/1989;1;Pereira;Barcelos;Braga;2;;Rua de Pereira Nº77;4750;Barcelos;941689220;965718502;Dora.Papa@piscinasbarcacellos.pb;3;50927748;61181827006
283;1;Bhidan Fofão;16/11/1973;1;Perelhal;Barcelos;Braga;2;;Rua de Perelhal Nº24;4750;Barcelos;956371291;920220368;Bhidan.Fofão@piscinasbarcacellos.pb;3;56462210;32663722826
284;1;Yossef Alê;10/02/1974;1;Pousa;Barcelos;Braga;1;Marthyn Been;Rua de Pousa Nº45;4750;Barcelos;933291296;959291671;Yossef.Alê@piscinasbarcacellos.pb;3;48969218;60421773803
285;1;Davron Duquinha;16/06/1976;1;Arcozelo;Barcelos;Braga;1;Steffany Dida;Rua de Arcozelo Nº65;4750;Barcelos;917665571;998981275;Davron.Duquinha@piscinasbarcacellos.pb;1;53423760;80601248499
